/*数据库名：于好贤201516010111_实验室设备管理系统*/
----------------------------------------------
---------------插入数据脚本1.0----------------
----------------------------------------------

-----------向实验室管理员表中添加数据---------

insert into 实验室管理员 values('201516010111','于好贤','yhx',1)
go
insert into 实验室管理员 values('201516010112','焦兴','jx',1)
go
insert into 实验室管理员 values('201516010113','徐凯凯','xkk',0)
go
insert into 实验室管理员 values('201516010114','李兴隆','lxl',1)
go
insert into 实验室管理员 values('201516010101','曾伟津','zwj',0)
go
insert into 实验室管理员 values('201516010102','张铮','zj',1)
go
insert into 实验室管理员 values('201516010103','王易扬','wyy',0)
go
insert into 实验室管理员 values('201516010106','项兆坤','xzk',1)
go
insert into 实验室管理员 values('201516010110','杨怡博','yyb',1)
go
insert into 实验室管理员 values('201516010115','李选昭','lxz',0)
go
insert into 实验室管理员 values('201516010116','欧凯文','okw',0)
go
----------------------------------------------

-------------向供应商表中添加数据-------------

insert into 供应商 values('10001','杨怡博','18869803564')
go
insert into 供应商 values('10002','李选昭','18869806541')
go
insert into 供应商 values('10003','欧凯文','18869807862')
go
insert into 供应商 values('10004','周佳鹏','18869803545')
go
insert into 供应商 values('10005','李孟杰','18869808732')
go
insert into 供应商 values('10006','游文香','18869804034')
go
insert into 供应商 values('10007','林雅冰','18869804034')
go
insert into 供应商 values('10008','肖贤','18864104034')
go
insert into 供应商 values('10009','樊海波','18845604852')
go
insert into 供应商 values('10010','李圣增','18815384164')
go
insert into 供应商 values('10011','李浩','18958204035')
go
insert into 供应商 values('10012','邱锦峰','13969804451')
go
insert into 供应商 values('10013','戴青山','18737198850')
go
insert into 供应商 values('10014','鱼坤','18869742560')
go
----------------------------------------------

-------------向修理工表中添加数据-------------

insert into 修理工 values('20001','张德顺','10001','13939861234')
go
insert into 修理工 values('20002','于得水','10002','13939862345')
go
insert into 修理工 values('20003','刘大锤','10003','13939863456')
go
insert into 修理工 values('20004','王三霞','10004','13939864567')
go
insert into 修理工 values('20005','郭静天','10005','13939865678')
go
insert into 修理工 values('20006','刘宝生','10006','13939866789')
go
insert into 修理工 values('20007','刘宝生','10007','13939866789')
go
insert into 修理工 values('20008','刘爱化','10008','13845620365')
go
insert into 修理工 values('20009','王紫玉','10009','13269825201')
go
insert into 修理工 values('20010','辛德拉','10010','17716405280')
go
insert into 修理工 values('20011','伊泽','10011','17830569510')
go
insert into 修理工 values('20012','牛文轩','10012','15266351142')
go
insert into 修理工 values('20013','孟龙','10013','15560758410')
go
insert into 修理工 values('20014','李子恒','10014','18836522652')
go

----------------------------------------------

----------向设备入库记录表中添加数据----------

insert into 设备入库记录 values('30001','硬件','微处理器','8088','大',5000,10,'2014-07-09',null,'10001','信院财务处')
go
insert into 设备入库记录 values('30002','硬件','微处理器','8088','大',4800,9,'2015-08-03',null,'10002','信院财务处')
go
insert into 设备入库记录 values('30003','硬件','微处理器','8088','大',4700,7,'2016-09-15',null,'10003','信院财务处')
go
insert into 设备入库记录 values('30004','硬件','微处理器','8088','大',4600,3,'2017-03-20',null,'10004','信院财务处')
go
insert into 设备入库记录 values('30005','硬件','微处理器','8088','大',4500,5,'2017-11-19',null,'10005','信院财务处')
go
insert into 设备入库记录 values('30006','硬件','微处理器','8086','大',7100,12,'2014-07-05',null,'10001','信院财务处')
go
insert into 设备入库记录 values('30007','硬件','微处理器','8086','大',7000,13,'2015-04-03',null,'10002','信院财务处')
go
insert into 设备入库记录 values('30008','硬件','微处理器','8086','大',6620,5,'2015-12-30',null,'10004','信院财务处')
go
insert into 设备入库记录 values('30009','硬件','微处理器','8086','大',6300,3,'2017-03-23',null,'10006','信院财务处')
go
insert into 设备入库记录 values('30010','硬件','微处理器','8059','大',600,20,'2016-02-10',null,'10003','信院财务处')
go
insert into 设备入库记录 values('30011','硬件','微处理器','8059','大',600,20,'2017-05-05',null,'10005','信院财务处')
go
----------------------------------------------

-----------向实验室设备表中添加数据-----------
insert into 实验室设备 values('40001','30001','1','正常')
go
insert into 实验室设备 values('40002','30001','1','正常')
go
insert into 实验室设备 values('40003','30001','1','正常')
go
insert into 实验室设备 values('40004','30001','1','正常')
go
insert into 实验室设备 values('40005','30001','1','正常')
go
insert into 实验室设备 values('40006','30001','1','故障')
go
insert into 实验室设备 values('40007','30001','2','正常')
go
insert into 实验室设备 values('40008','30001','2','正常')
go
insert into 实验室设备 values('40009','30001','2','正常')
go
insert into 实验室设备 values('40010','30001','1','报废')
go
insert into 实验室设备 values('40011','30002','1','正常')
go
insert into 实验室设备 values('40012','30002','1','正常')
go
insert into 实验室设备 values('40013','30002','1','正常')
go
insert into 实验室设备 values('40014','30002','2','正常')
go
insert into 实验室设备 values('40015','30002','2','正常')
go
insert into 实验室设备 values('40016','30002','2','故障')
go
insert into 实验室设备 values('40017','30002','2','报废')
go
insert into 实验室设备 values('40018','30003','1','正常')
go
insert into 实验室设备 values('40019','30003','2','报废')
go
insert into 实验室设备 values('40020','30003','2','正常')
go
insert into 实验室设备 values('40021','30003','2','故障')
go
insert into 实验室设备 values('40022','30003','2','正常')
go
insert into 实验室设备 values('40023','30003','1','正常')
go
insert into 实验室设备 values('40024','30004','1','故障')
go
insert into 实验室设备 values('40025','30004','2','正常')
go
insert into 实验室设备 values('40026','30004','1','正常')
go
insert into 实验室设备 values('40027','30005','1','正常')
go
insert into 实验室设备 values('40028','30005','2','正常')
go
insert into 实验室设备 values('40029','30006','1','正常')
go
insert into 实验室设备 values('40030','30006','2','正常')
go
insert into 实验室设备 values('40031','30006','1','正常')
go
insert into 实验室设备 values('40032','30007','2','报废')
go
insert into 实验室设备 values('40033','30007','1','正常')
go
insert into 实验室设备 values('40034','30007','2','正常')
go
insert into 实验室设备 values('40035','30008','1','正常')
go
insert into 实验室设备 values('40036','30008','2','正常')
go
insert into 实验室设备 values('40037','30008','1','正常')
go
insert into 实验室设备 values('40038','30009','2','正常')
go
insert into 实验室设备 values('40039','30009','1','故障')
go
insert into 实验室设备 values('40040','30009','1','正常')
go
insert into 实验室设备 values('40041','30010','2','正常')
go
insert into 实验室设备 values('40042','30010','2','正常')
go
insert into 实验室设备 values('40043','30010','2','正常')
go
insert into 实验室设备 values('40044','30011','2','正常')
go
insert into 实验室设备 values('40045','30011','1','故障')
go
insert into 实验室设备 values('40046','30011','2','正常')
go
insert into 实验室设备 values('40047','30005','2','正常')
go
insert into 实验室设备 values('40048','30005','1','报废')
go
----------------------------------------------

----------向设备修理记录表中添加数据----------

insert into 设备修理记录 values('50001','2017-05-22','40010','20001',213.5,'201516010111')
go
insert into 设备修理记录 values('50002','2017-05-25','40011','20002',123.7,'201516010111')
go
insert into 设备修理记录 values('50003','2017-06-21','40011','20002',255.6,'201516010111')
go
insert into 设备修理记录 values('50004','2017-06-27','40010','20001',500,'201516010111')
go
insert into 设备修理记录 values('50005','2017-10-02','40016','20002',1008,'201516010111')
go
insert into 设备修理记录 values('50006','2017-10-05','40005','20001',213.5,'201516010112')
go
insert into 设备修理记录 values('50007','2017-03-26','40032','20002',770,'201516010112')
go
insert into 设备修理记录 values('50008','2016-06-02','40032','20002',106,'201516010114')
go
insert into 设备修理记录 values('50009','2016-07-07','40010','20001',52,'201516010114')
go
insert into 设备修理记录 values('50010','2016-08-12','40045','20005',630,'201516010114')
go
insert into 设备修理记录 values('50011','2016-09-24','40045','20005',335.5,'201516010113')
go
insert into 设备修理记录 values('50012','2016-03-28','40045','20005',65.5,'201516010113')
go
insert into 设备修理记录 values('50013','2016-05-02','40010','20001',72.5,'201516010111')
go
insert into 设备修理记录 values('50014','2016-11-12','40019','20003',435,'201516010114')
go
insert into 设备修理记录 values('50015','2016-10-15','40019','20003',55.5,'201516010113')
go
insert into 设备修理记录 values('50016','2017-10-28','40019','20003',365,'201516010112')
go
insert into 设备修理记录 values('50017','2017-10-30','40019','20003',111,'201516010114')
go
insert into 设备修理记录 values('50018','2017-08-04','40019','20003',135.5,'201516010111')
go
insert into 设备修理记录 values('50019','2017-07-22','40010','20001',685.5,'201516010112')
go
insert into 设备修理记录 values('50020','2017-06-28','40011','20002',213.4,'201516010113')
go
insert into 设备修理记录 values('50021','2017-08-21','40011','20002',200.0,'201516010111')
go